{
	"credit": "Made with Blockbench",
	"parent": "item/generated",
	"textures": {
		"layer0": "item/empty_armor_slot_shield"
	},
	"display": {
		"thirdperson_righthand": {
			"rotation": [45, 135, 0],
			"translation": [3, -2, -1],
			"scale": [2, 2, 1]
		},
		"thirdperson_lefthand": {
			"rotation": [45, 135, 0],
			"translation": [3, -2, -1],
			"scale": [2, 2, 1]
		},
		"firstperson_righthand": {
			"rotation": [0, 0, 5],
			"translation": [0.5, -2.5, -2.5],
			"scale": [2.2, 2.2, 0.65]
		},
		"firstperson_lefthand": {
			"rotation": [0, 0, 5],
			"translation": [0.5, -1.5, -2.5],
			"scale": [2.2, 2.2, 0.65]
		},
		"gui": {
			"translation": [0, 0, -10],
			"scale": [1.45, 1.45, 1]
		}
	}
}