{
	"credit": "Made with Blockbench",
	"parent": "item/generated",
	"textures": {
		"layer0": "item/empty_armor_slot_shield"
	},
	"display": {
		"thirdperson_righthand": {
			"rotation": [0, 90, 0],
			"translation": [2.75, -2, 3],
			"scale": [2, 2, 1]
		},
		"thirdperson_lefthand": {
			"rotation": [0, 270, 0],
			"translation": [2.75, -2, 3],
			"scale": [2, 2, 1]
		},
		"firstperson_righthand": {
			"rotation": [11, 181, -4],
			"translation": [1.5, -4.75, -3],
			"scale": [2.2, 2.2, 0.65]
		},
		"firstperson_lefthand": {
			"rotation": [11, 1, 5],
			"translation": [1.75, -5, -3],
			"scale": [2.2, 2.2, 0.65]
		},
		"ground": {
			"translation": [0, 2, -1.4],
			"scale": [1.5, 1.5, 0.5]
		},
		"gui": {
			"translation": [0, 0, -10],
			"scale": [1.45, 1.45, 1]
		},
		"fixed": {
			"rotation": [0.2, 180.2, 0.2],
			"translation": [0, 0, -1.15],
			"scale": [2.8, 2.8, 1.5]
		}
	}
}