{
	"format_version": "1.9.0",
	"credit": "Made with Blockbench",
	"textures": {
		"0": "./stone_greatblade",
		"particle": "./stone_greatblade"
	},
	"elements": [
		{
			"name": "purified_greatsword_27",
			"from": [13, 9, 7],
			"to": [13.5, 12.5, 7.5],
			"rotation": {"angle": 0, "axis": "y", "origin": [6.85577, 5.49038, 7.25]},
			"faces": {
				"north": {"uv": [12, 7, 12.5, 3.5], "rotation": 180, "texture": "#0"},
				"east": {"uv": [12, 3.5, 12.5, 7], "texture": "#0"},
				"south": {"uv": [12, 3.5, 12.5, 7], "texture": "#0"},
				"west": {"uv": [12, 3.5, 12.5, 7], "texture": "#0"},
				"up": {"uv": [12.5, 3.5, 12, 4], "rotation": 180, "texture": "#0"},
				"down": {"uv": [12, 6.5, 12.5, 7], "texture": "#0"}
			}
		},
		{
			"name": "purified_greatsword_26",
			"from": [12.5, 8.5, 7],
			"to": [13, 12.5, 7.5],
			"rotation": {"angle": 0, "axis": "y", "origin": [6.85577, 5.49038, 7.25]},
			"faces": {
				"north": {"uv": [11.5, 7.5, 12, 3.5], "rotation": 180, "texture": "#0"},
				"east": {"uv": [11.5, 3.5, 12, 7.5], "texture": "#0"},
				"south": {"uv": [11.5, 3.5, 12, 7.5], "texture": "#0"},
				"west": {"uv": [11.5, 3.5, 12, 7.5], "texture": "#0"},
				"up": {"uv": [12, 3.5, 11.5, 4], "rotation": 180, "texture": "#0"},
				"down": {"uv": [11.5, 7, 12, 7.5], "texture": "#0"}
			}
		},
		{
			"name": "purified_greatsword_25",
			"from": [12, 8, 7],
			"to": [12.5, 12.5, 7.5],
			"rotation": {"angle": 0, "axis": "y", "origin": [6.85577, 5.49038, 7.25]},
			"faces": {
				"north": {"uv": [11, 8, 11.5, 3.5], "rotation": 180, "texture": "#0"},
				"east": {"uv": [11, 3.5, 11.5, 8], "texture": "#0"},
				"south": {"uv": [11, 3.5, 11.5, 8], "texture": "#0"},
				"west": {"uv": [11, 3.5, 11.5, 8], "texture": "#0"},
				"up": {"uv": [11.5, 3.5, 11, 4], "rotation": 180, "texture": "#0"},
				"down": {"uv": [11, 7.5, 11.5, 8], "texture": "#0"}
			}
		},
		{
			"name": "purified_greatsword_24",
			"from": [11.5, 7.5, 7],
			"to": [12, 12.5, 7.5],
			"rotation": {"angle": 0, "axis": "y", "origin": [6.85577, 5.49038, 7.25]},
			"faces": {
				"north": {"uv": [10.5, 8.5, 11, 3.5], "rotation": 180, "texture": "#0"},
				"east": {"uv": [10.5, 3.5, 11, 8.5], "texture": "#0"},
				"south": {"uv": [10.5, 3.5, 11, 8.5], "texture": "#0"},
				"west": {"uv": [11, 3.5, 10.5, 8.5], "texture": "#0"},
				"up": {"uv": [11, 3.5, 10.5, 4], "rotation": 180, "texture": "#0"},
				"down": {"uv": [10.5, 8, 11, 8.5], "texture": "#0"}
			}
		},
		{
			"name": "purified_greatsword_23",
			"from": [11, 7.5, 7],
			"to": [11.5, 12.5, 7.5],
			"rotation": {"angle": 0, "axis": "y", "origin": [6.85577, 5.49038, 7.25]},
			"faces": {
				"north": {"uv": [10, 8.5, 10.5, 3.5], "rotation": 180, "texture": "#0"},
				"east": {"uv": [10, 3.5, 10.5, 8.5], "texture": "#0"},
				"south": {"uv": [10, 3.5, 10.5, 8.5], "texture": "#0"},
				"west": {"uv": [10, 3.5, 10.5, 8.5], "texture": "#0"},
				"up": {"uv": [10.5, 3.5, 10, 4], "rotation": 180, "texture": "#0"},
				"down": {"uv": [10, 8, 10.5, 8.5], "texture": "#0"}
			}
		},
		{
			"name": "purified_greatsword_22",
			"from": [10.5, 7, 7],
			"to": [11, 12.5, 7.5],
			"rotation": {"angle": 0, "axis": "y", "origin": [6.85577, 5.49038, 7.25]},
			"faces": {
				"north": {"uv": [9.5, 9, 10, 3.5], "rotation": 180, "texture": "#0"},
				"east": {"uv": [9.5, 3.5, 10, 9], "texture": "#0"},
				"south": {"uv": [9.5, 3.5, 10, 9], "texture": "#0"},
				"west": {"uv": [9.5, 3.5, 10, 9], "texture": "#0"},
				"up": {"uv": [10, 3.5, 9.5, 4], "rotation": 180, "texture": "#0"},
				"down": {"uv": [9.5, 8.5, 10, 9], "texture": "#0"}
			}
		},
		{
			"name": "purified_greatsword_21",
			"from": [10, 6.5, 7],
			"to": [10.5, 12.5, 7.5],
			"rotation": {"angle": 0, "axis": "y", "origin": [6.85577, 5.49038, 7.25]},
			"faces": {
				"north": {"uv": [9, 9.5, 9.5, 3.5], "rotation": 180, "texture": "#0"},
				"east": {"uv": [9, 3.5, 9.5, 9.5], "texture": "#0"},
				"south": {"uv": [9, 3.5, 9.5, 9.5], "texture": "#0"},
				"west": {"uv": [9, 3.5, 9.5, 9.5], "texture": "#0"},
				"up": {"uv": [9.5, 3.5, 9, 4], "rotation": 180, "texture": "#0"},
				"down": {"uv": [9, 9, 9.5, 9.5], "texture": "#0"}
			}
		},
		{
			"name": "purified_greatsword_20",
			"from": [9.5, 6.5, 7],
			"to": [10, 12, 7.5],
			"rotation": {"angle": 0, "axis": "y", "origin": [6.85577, 5.49038, 7.25]},
			"faces": {
				"north": {"uv": [8.5, 9.5, 9, 4], "rotation": 180, "texture": "#0"},
				"east": {"uv": [8.5, 4, 9, 9.5], "texture": "#0"},
				"south": {"uv": [8.5, 4, 9, 9.5], "texture": "#0"},
				"west": {"uv": [8.5, 4, 9, 9.5], "texture": "#0"},
				"up": {"uv": [9, 4, 8.5, 4.5], "rotation": 180, "texture": "#0"},
				"down": {"uv": [8.5, 9, 9, 9.5], "texture": "#0"}
			}
		},
		{
			"name": "purified_greatsword_19",
			"from": [9, 6, 7],
			"to": [9.5, 11.5, 7.5],
			"rotation": {"angle": 0, "axis": "y", "origin": [6.85577, 5.49038, 7.25]},
			"faces": {
				"north": {"uv": [8, 10, 8.5, 4.5], "rotation": 180, "texture": "#0"},
				"east": {"uv": [8.5, 4.5, 8, 10], "texture": "#0"},
				"south": {"uv": [8, 4.5, 8.5, 10], "texture": "#0"},
				"west": {"uv": [8, 4.5, 8.5, 10], "texture": "#0"},
				"up": {"uv": [8.5, 4.5, 8, 5], "rotation": 180, "texture": "#0"},
				"down": {"uv": [8, 9.5, 8.5, 10], "texture": "#0"}
			}
		},
		{
			"name": "purified_greatsword_18",
			"from": [8.5, 5.5, 7],
			"to": [9, 11, 7.5],
			"rotation": {"angle": 0, "axis": "y", "origin": [6.85577, 5.49038, 7.25]},
			"faces": {
				"north": {"uv": [7.5, 10.5, 8, 5], "rotation": 180, "texture": "#0"},
				"east": {"uv": [7.5, 5, 8, 10.5], "texture": "#0"},
				"south": {"uv": [7.5, 5, 8, 10.5], "texture": "#0"},
				"west": {"uv": [7.5, 5, 8, 10.5], "texture": "#0"},
				"up": {"uv": [8, 5, 7.5, 5.5], "rotation": 180, "texture": "#0"},
				"down": {"uv": [7.5, 10, 8, 10.5], "texture": "#0"}
			}
		},
		{
			"name": "purified_greatsword_17",
			"from": [8, 5, 7],
			"to": [8.5, 10, 7.5],
			"rotation": {"angle": 0, "axis": "y", "origin": [6.85577, 5.49038, 7.25]},
			"faces": {
				"north": {"uv": [7, 11, 7.5, 6], "rotation": 180, "texture": "#0"},
				"east": {"uv": [7, 6, 7.5, 11], "texture": "#0"},
				"south": {"uv": [7, 6, 7.5, 11], "texture": "#0"},
				"west": {"uv": [7, 6, 7.5, 11], "texture": "#0"},
				"up": {"uv": [7.5, 6, 7, 6.5], "rotation": 180, "texture": "#0"},
				"down": {"uv": [7, 10.5, 7.5, 11], "texture": "#0"}
			}
		},
		{
			"name": "purified_greatsword_16",
			"from": [7.5, 4.5, 7],
			"to": [8, 9.5, 7.5],
			"rotation": {"angle": 0, "axis": "y", "origin": [6.85577, 5.49038, 7.25]},
			"faces": {
				"north": {"uv": [6.5, 11.5, 7, 6.5], "rotation": 180, "texture": "#0"},
				"east": {"uv": [6.5, 6.5, 7, 11.5], "texture": "#0"},
				"south": {"uv": [6.5, 6.5, 7, 11.5], "texture": "#0"},
				"west": {"uv": [6.5, 6.5, 7, 11.5], "texture": "#0"},
				"up": {"uv": [7, 6.5, 6.5, 7], "rotation": 180, "texture": "#0"},
				"down": {"uv": [6.5, 11, 7, 11.5], "texture": "#0"}
			}
		},
		{
			"name": "purified_greatsword_15",
			"from": [7, 4, 7],
			"to": [7.5, 8.5, 7.5],
			"rotation": {"angle": 0, "axis": "y", "origin": [6.85577, 5.49038, 7.25]},
			"faces": {
				"north": {"uv": [6, 12, 6.5, 7.5], "rotation": 180, "texture": "#0"},
				"east": {"uv": [6, 7.5, 6.5, 12], "texture": "#0"},
				"south": {"uv": [6, 7.5, 6.5, 12], "texture": "#0"},
				"west": {"uv": [6, 7.5, 6.5, 12], "texture": "#0"},
				"up": {"uv": [6.5, 7.5, 6, 8], "rotation": 180, "texture": "#0"},
				"down": {"uv": [6, 11.5, 6.5, 12], "texture": "#0"}
			}
		},
		{
			"name": "purified_greatsword_14",
			"from": [6.5, 3.5, 7],
			"to": [7, 8, 7.5],
			"rotation": {"angle": 0, "axis": "y", "origin": [6.85577, 5.49038, 7.25]},
			"faces": {
				"north": {"uv": [5.5, 12.5, 6, 8], "rotation": 180, "texture": "#0"},
				"east": {"uv": [5.5, 8, 6, 12.5], "texture": "#0"},
				"south": {"uv": [5.5, 8, 6, 12.5], "texture": "#0"},
				"west": {"uv": [5.5, 8, 6, 12.5], "texture": "#0"},
				"up": {"uv": [6, 8, 5.5, 8.5], "rotation": 180, "texture": "#0"},
				"down": {"uv": [5.5, 12, 6, 12.5], "texture": "#0"}
			}
		},
		{
			"name": "purified_greatsword_13",
			"from": [6.5, 1, 7],
			"to": [7.5, 3, 7.5],
			"rotation": {"angle": 0, "axis": "y", "origin": [6.85577, 5.49038, 7.25]},
			"faces": {
				"north": {"uv": [5.5, 15, 6.5, 13], "rotation": 180, "texture": "#0"},
				"east": {"uv": [6, 13, 6.5, 15], "texture": "#0"},
				"south": {"uv": [5.5, 13, 6.5, 15], "texture": "#0"},
				"west": {"uv": [5.5, 13, 6.5, 15], "texture": "#0"},
				"up": {"uv": [6.5, 13, 5.5, 13.5], "rotation": 180, "texture": "#0"},
				"down": {"uv": [5.5, 14.5, 6.5, 15], "texture": "#0"}
			}
		},
		{
			"name": "purified_greatsword_12",
			"from": [6, 1.5, 7],
			"to": [6.5, 7.5, 7.5],
			"rotation": {"angle": 0, "axis": "y", "origin": [6.85577, 5.49038, 7.25]},
			"faces": {
				"north": {"uv": [5, 14.5, 5.5, 8.5], "rotation": 180, "texture": "#0"},
				"east": {"uv": [5, 8.5, 5.5, 14.5], "texture": "#0"},
				"south": {"uv": [5, 8.5, 5.5, 14.5], "texture": "#0"},
				"west": {"uv": [5, 8.5, 5.5, 14.5], "texture": "#0"},
				"up": {"uv": [5.5, 8.5, 5, 9], "rotation": 180, "texture": "#0"},
				"down": {"uv": [5, 14, 5.5, 14.5], "texture": "#0"}
			}
		},
		{
			"name": "purified_greatsword_11",
			"from": [5.5, 1.5, 7],
			"to": [6, 7, 7.5],
			"rotation": {"angle": 0, "axis": "y", "origin": [6.85577, 5.49038, 7.25]},
			"faces": {
				"north": {"uv": [4.5, 14.5, 5, 9], "rotation": 180, "texture": "#0"},
				"east": {"uv": [4.5, 9, 5, 14.5], "texture": "#0"},
				"south": {"uv": [4.5, 9, 5, 14.5], "texture": "#0"},
				"west": {"uv": [4.5, 9, 5, 14.5], "texture": "#0"},
				"up": {"uv": [5, 9, 4.5, 9.5], "rotation": 180, "texture": "#0"},
				"down": {"uv": [4.5, 14, 5, 14.5], "texture": "#0"}
			}
		},
		{
			"name": "purified_greatsword_10",
			"from": [5, 1.5, 7],
			"to": [5.5, 6.5, 7.5],
			"rotation": {"angle": 0, "axis": "y", "origin": [6.85577, 5.49038, 7.25]},
			"faces": {
				"north": {"uv": [4, 14.5, 4.5, 9.5], "rotation": 180, "texture": "#0"},
				"east": {"uv": [4, 9.5, 4.5, 14.5], "texture": "#0"},
				"south": {"uv": [4, 9.5, 4.5, 14.5], "texture": "#0"},
				"west": {"uv": [4, 9.5, 4.5, 14.5], "texture": "#0"},
				"up": {"uv": [4.5, 9.5, 4, 10], "rotation": 180, "texture": "#0"},
				"down": {"uv": [4, 14, 4.5, 14.5], "texture": "#0"}
			}
		},
		{
			"name": "purified_greatsword_9",
			"from": [4.5, 1.5, 7],
			"to": [5, 6, 7.5],
			"rotation": {"angle": 0, "axis": "y", "origin": [6.85577, 5.49038, 7.25]},
			"faces": {
				"north": {"uv": [3.5, 14.5, 4, 10], "rotation": 180, "texture": "#0"},
				"east": {"uv": [3.5, 10, 4, 14.5], "texture": "#0"},
				"south": {"uv": [3.5, 10, 4, 14.5], "texture": "#0"},
				"west": {"uv": [3.5, 10, 4, 14.5], "texture": "#0"},
				"up": {"uv": [4, 10, 3.5, 10.5], "rotation": 180, "texture": "#0"},
				"down": {"uv": [3.5, 14, 4, 14.5], "texture": "#0"}
			}
		},
		{
			"name": "purified_greatsword_8",
			"from": [4, 2, 7],
			"to": [4.5, 5.5, 7.5],
			"rotation": {"angle": 0, "axis": "y", "origin": [6.85577, 5.49038, 7.25]},
			"faces": {
				"north": {"uv": [3, 14, 3.5, 10.5], "rotation": 180, "texture": "#0"},
				"east": {"uv": [3, 10.5, 3.5, 14], "texture": "#0"},
				"south": {"uv": [3, 10.5, 3.5, 14], "texture": "#0"},
				"west": {"uv": [3, 10.5, 3.5, 14], "texture": "#0"},
				"up": {"uv": [3.5, 10.5, 3, 11], "rotation": 180, "texture": "#0"},
				"down": {"uv": [3, 13.5, 3.5, 14], "texture": "#0"}
			}
		},
		{
			"name": "purified_greatsword_7",
			"from": [3.5, 2, 7],
			"to": [4, 6.5, 7.5],
			"rotation": {"angle": 0, "axis": "y", "origin": [6.85577, 5.49038, 7.25]},
			"faces": {
				"north": {"uv": [2.5, 14, 3, 9.5], "rotation": 180, "texture": "#0"},
				"east": {"uv": [2.5, 9.5, 3, 14], "texture": "#0"},
				"south": {"uv": [2.5, 9.5, 3, 14], "texture": "#0"},
				"west": {"uv": [2.5, 9.5, 3, 14], "texture": "#0"},
				"up": {"uv": [3, 9.5, 2.5, 10], "rotation": 180, "texture": "#0"},
				"down": {"uv": [2.5, 13.5, 3, 14], "texture": "#0"}
			}
		},
		{
			"name": "purified_greatsword_6",
			"from": [2, 5.5, 7],
			"to": [2.5, 6.5, 7.5],
			"rotation": {"angle": 0, "axis": "y", "origin": [6.85577, 5.49038, 7.25]},
			"faces": {
				"north": {"uv": [1, 10.5, 1.5, 9.5], "rotation": 180, "texture": "#0"},
				"east": {"uv": [1, 9.5, 1.5, 10.5], "texture": "#0"},
				"south": {"uv": [1, 9.5, 1.5, 10.5], "texture": "#0"},
				"west": {"uv": [1, 9.5, 1.5, 10.5], "texture": "#0"},
				"up": {"uv": [1.5, 9.5, 1, 10], "rotation": 180, "texture": "#0"},
				"down": {"uv": [1, 10, 1.5, 10.5], "texture": "#0"}
			}
		},
		{
			"name": "purified_greatsword_5",
			"from": [2.5, 3.5, 7],
			"to": [3, 6.5, 7.5],
			"rotation": {"angle": 0, "axis": "y", "origin": [6.85577, 5.49038, 7.25]},
			"faces": {
				"north": {"uv": [1.5, 12.5, 2, 9.5], "rotation": 180, "texture": "#0"},
				"east": {"uv": [1.5, 9.5, 2, 12.5], "texture": "#0"},
				"south": {"uv": [1.5, 9.5, 2, 12.5], "texture": "#0"},
				"west": {"uv": [1.5, 9.5, 2, 12.5], "texture": "#0"},
				"up": {"uv": [2, 9.5, 1.5, 10], "rotation": 180, "texture": "#0"},
				"down": {"uv": [1.5, 12, 2, 12.5], "texture": "#0"}
			}
		},
		{
			"name": "purified_greatsword_4",
			"from": [3, 1.5, 7],
			"to": [3.5, 6.5, 7.5],
			"rotation": {"angle": 0, "axis": "y", "origin": [6.85577, 5.49038, 7.25]},
			"faces": {
				"north": {"uv": [2, 14.5, 2.5, 9.5], "rotation": 180, "texture": "#0"},
				"east": {"uv": [2, 9.5, 2.5, 14.5], "texture": "#0"},
				"south": {"uv": [2, 9.5, 2.5, 14.5], "texture": "#0"},
				"west": {"uv": [2, 9.5, 2.5, 14.5], "texture": "#0"},
				"up": {"uv": [2.5, 9.5, 2, 10], "rotation": 180, "texture": "#0"},
				"down": {"uv": [2, 14, 2.5, 14.5], "texture": "#0"}
			}
		},
		{
			"name": "purified_greatsword_3",
			"from": [2.5, 1, 7],
			"to": [3, 2.5, 7.5],
			"rotation": {"angle": 0, "axis": "y", "origin": [6.85577, 5.49038, 7.25]},
			"faces": {
				"north": {"uv": [1.5, 15, 2, 13.5], "rotation": 180, "texture": "#0"},
				"east": {"uv": [1.5, 13.5, 2, 15], "texture": "#0"},
				"south": {"uv": [1.5, 13.5, 2, 15], "texture": "#0"},
				"west": {"uv": [1.5, 13.5, 2, 15], "texture": "#0"},
				"up": {"uv": [2, 13.5, 1.5, 14], "rotation": 180, "texture": "#0"},
				"down": {"uv": [1.5, 14.5, 2, 15], "texture": "#0"}
			}
		},
		{
			"name": "purified_greatsword_2",
			"from": [2, 0, 7],
			"to": [2.5, 2, 7.5],
			"rotation": {"angle": 0, "axis": "y", "origin": [6.85577, 5.49038, 7.25]},
			"faces": {
				"north": {"uv": [1, 16, 1.5, 14], "rotation": 180, "texture": "#0"},
				"east": {"uv": [1, 14, 1.5, 16], "texture": "#0"},
				"south": {"uv": [1, 14, 1.5, 16], "texture": "#0"},
				"west": {"uv": [1, 14, 1.5, 16], "texture": "#0"},
				"up": {"uv": [1.5, 14, 1, 14.5], "rotation": 180, "texture": "#0"},
				"down": {"uv": [1, 15.5, 1.5, 16], "texture": "#0"}
			}
		},
		{
			"name": "purified_greatsword_1",
			"from": [1, 0, 7],
			"to": [2, 1.5, 7.5],
			"rotation": {"angle": 0, "axis": "y", "origin": [6.85577, 5.49038, 7.25]},
			"faces": {
				"north": {"uv": [0, 16, 1, 14.5], "rotation": 180, "texture": "#0"},
				"east": {"uv": [0, 14.5, 1, 16], "texture": "#0"},
				"south": {"uv": [0, 14.5, 1, 16], "texture": "#0"},
				"west": {"uv": [0, 14.5, 0.5, 16], "texture": "#0"},
				"up": {"uv": [1, 14.5, 0, 15], "rotation": 180, "texture": "#0"},
				"down": {"uv": [0, 15.5, 1, 16], "texture": "#0"}
			}
		}
	],
	"gui_light": "front",
	"display": {
		"thirdperson_righthand": {
			"rotation": [0, 90, 55],
			"translation": [1.25, 12, 5],
			"scale": [1.7, 1.7, 1.7]
		},
		"thirdperson_lefthand": {
			"rotation": [-10, -83, 113],
			"translation": [-3, -14.5, -2.5],
			"scale": [1.7, 1.7, 1.7]
		},
		"firstperson_righthand": {
			"rotation": [29, 81, 26],
			"translation": [6.5, 10, -5],
			"scale": [2, 2, 2]
		},
		"firstperson_lefthand": {
			"rotation": [-180, -75, 14],
			"translation": [-0.5, -12, 7],
			"scale": [2, 2, 2]
		},
		"ground": {
			"rotation": [-180, -180, 45],
			"translation": [0, 4.25, 0],
			"scale": [1.1, 1.1, 1.1]
		},
		"gui": {
			"translation": [1, 3, 0],
			"scale": [1.4, 1.4, 1.4]
		},
		"head": {
			"rotation": [2, -180, -158],
			"translation": [0, 5.75, 0],
			"scale": [1.5, 1.5, 1.5]
		},
		"fixed": {
			"rotation": [109, 0, 49],
			"translation": [1, 4.25, -8.75],
			"scale": [4, 4, 4]
		}
	},
	"groups": [
		{
			"name": "Stone Greatblade",
			"origin": [8, 8, 8],
			"color": 0,
			"children": [0, 1, 2, 3, 4, 5, 6, 7, 8, 9, 10, 11, 12, 13, 14, 15, 16, 17, 18, 19, 20, 21, 22, 23, 24, 25, 26]
		}
	]
}