{
	"credit": "Made with Blockbench",
	"ambientocclusion": false,
	"textures": {
		"0": "block/flower_pot",
		"1": "block/mangrove_propagule",
		"particle": "block/flower_pot"
	},
	"elements": [
		{
			"from": [4.75, 3.4, 4.75],
			"to": [11.25, 4.4, 11.25],
			"faces": {
				"north": {"uv": [0, 13, 6, 14], "texture": "#0"},
				"east": {"uv": [0, 13, 6, 14], "texture": "#0"},
				"south": {"uv": [0, 13, 6, 14], "texture": "#0"},
				"west": {"uv": [0, 13, 6, 14], "texture": "#0"},
				"up": {"uv": [0, 15, 1, 16], "texture": "#0"},
				"down": {"uv": [0, 15, 1, 16], "texture": "#0"}
			}
		},
		{
			"from": [5, 0, 5],
			"to": [11, 7, 11],
			"faces": {
				"north": {"uv": [0, 0, 6, 7], "texture": "#0"},
				"east": {"uv": [0, 0, 6, 7], "texture": "#0"},
				"south": {"uv": [0, 0, 6, 7], "texture": "#0"},
				"west": {"uv": [0, 0, 6, 7], "texture": "#0"},
				"up": {"uv": [7, 1, 13, 7], "texture": "#0"},
				"down": {"uv": [0, 7, 6, 13], "texture": "#0"}
			}
		},
		{
			"from": [4, 5, 5],
			"to": [5, 8, 11],
			"faces": {
				"north": {"uv": [0, 0, 1, 3], "texture": "#0"},
				"east": {"uv": [7, 11, 13, 14], "texture": "#0"},
				"south": {"uv": [0, 0, 1, 3], "texture": "#0"},
				"west": {"uv": [7, 13, 13, 16], "texture": "#0"},
				"up": {"uv": [13, 1, 14, 7], "texture": "#0"},
				"down": {"uv": [7, 9, 13, 10], "rotation": 90, "texture": "#0"}
			}
		},
		{
			"from": [11, 5, 5],
			"to": [12, 8, 11],
			"faces": {
				"north": {"uv": [0, 0, 1, 3], "texture": "#0"},
				"east": {"uv": [7, 13, 13, 16], "texture": "#0"},
				"south": {"uv": [0, 0, 1, 3], "texture": "#0"},
				"west": {"uv": [7, 11, 13, 14], "texture": "#0"},
				"up": {"uv": [6, 1, 7, 7], "texture": "#0"},
				"down": {"uv": [7, 11, 13, 12], "rotation": 90, "texture": "#0"}
			}
		},
		{
			"from": [4, 5, 4],
			"to": [12, 8, 5],
			"faces": {
				"north": {"uv": [6, 13, 14, 16], "texture": "#0"},
				"east": {"uv": [13, 13, 14, 16], "texture": "#0"},
				"south": {"uv": [5, 9, 13, 12], "texture": "#0"},
				"west": {"uv": [6, 13, 7, 16], "texture": "#0"},
				"up": {"uv": [6, 7, 14, 8], "texture": "#0"},
				"down": {"uv": [6, 9, 14, 10], "texture": "#0"}
			}
		},
		{
			"from": [4, 5, 11],
			"to": [12, 8, 12],
			"faces": {
				"north": {"uv": [6, 8, 14, 11], "texture": "#0"},
				"east": {"uv": [6, 13, 7, 16], "texture": "#0"},
				"south": {"uv": [6, 13, 14, 16], "texture": "#0"},
				"west": {"uv": [13, 13, 14, 16], "texture": "#0"},
				"up": {"uv": [6, 0, 14, 1], "texture": "#0"},
				"down": {"uv": [6, 11, 14, 12], "texture": "#0"}
			}
		},
		{
			"name": "hypocotyl",
			"from": [7, 7, 8],
			"to": [9, 16, 8],
			"rotation": {"angle": -45, "axis": "y", "origin": [8, 7, 8], "rescale": true},
			"faces": {
				"north": {"uv": [7, 7, 9, 16], "texture": "#1"},
				"east": {"uv": [11, 0, 11, 10], "texture": "#1"},
				"south": {"uv": [7, 7, 9, 16], "texture": "#1"},
				"west": {"uv": [13, 0, 13, 10], "texture": "#1"},
				"up": {"uv": [11, 0, 13, 0], "rotation": 180, "texture": "#1"},
				"down": {"uv": [11, 10, 13, 10], "rotation": 180, "texture": "#1"}
			}
		},
		{
			"name": "hypocotyl",
			"from": [7, 7, 8],
			"to": [9, 16, 8],
			"rotation": {"angle": 45, "axis": "y", "origin": [8, 7, 8], "rescale": true},
			"faces": {
				"north": {"uv": [7, 7, 9, 16], "texture": "#1"},
				"east": {"uv": [13, 0, 13, 10], "texture": "#1"},
				"south": {"uv": [7, 7, 9, 16], "texture": "#1"},
				"west": {"uv": [11, 0, 11, 10], "texture": "#1"},
				"up": {"uv": [11, 0, 13, 0], "texture": "#1"},
				"down": {"uv": [11, 10, 13, 10], "texture": "#1"}
			}
		},
		{
			"name": "leaves",
			"from": [4.5, 16, 8],
			"to": [11.5, 22, 8],
			"rotation": {"angle": -45, "axis": "y", "origin": [8, 7, 8], "rescale": true},
			"faces": {
				"north": {"uv": [4, 1, 11, 7], "texture": "#1"},
				"east": {"uv": [11, 6, 11, 10], "texture": "#1"},
				"south": {"uv": [4, 1, 11, 7], "texture": "#1"},
				"west": {"uv": [4, 6, 4, 11], "texture": "#1"},
				"up": {"uv": [4, 6, 11, 6], "rotation": 180, "texture": "#1"},
				"down": {"uv": [4, 11, 11, 11], "rotation": 180, "texture": "#1"}
			}
		},
		{
			"name": "leaves",
			"from": [8, 16, 4.5],
			"to": [8, 22, 11.5],
			"rotation": {"angle": -45, "axis": "y", "origin": [8, 7, 8], "rescale": true},
			"faces": {
				"north": {"uv": [13, 0, 13, 10], "texture": "#1"},
				"east": {"uv": [4, 1, 11, 7], "texture": "#1"},
				"south": {"uv": [11, 0, 11, 10], "texture": "#1"},
				"west": {"uv": [4, 1, 11, 7], "texture": "#1"},
				"up": {"uv": [11, 0, 13, 0], "rotation": 270, "texture": "#1"},
				"down": {"uv": [11, 10, 13, 10], "rotation": 90, "texture": "#1"}
			}
		}
	],
	"groups": [
		{
			"name": "group",
			"origin": [0, 0, 0],
			"color": 0,
			"children": [0, 1, 2, 3, 4, 5]
		},
		6,
		7,
		8,
		9
	]
}