[
  {
    "title": "DarkStep",
    "author": "Eternity",
    "duration": 154,
    "disc-namespace": "darkstepeternityone",
    "model-data": 1,
    "creeper-drop": false,
    "lores": [],
    "loot-tables": {
      "chests/ruined_portal": 50
    },
    "fragment-loot-tables": {}
  },
  {
    "title": "Chaos Reigns",
    "author": "Hernest",
    "duration": 145,
    "disc-namespace": "chaosreignshernestone",
    "model-data": 2,
    "creeper-drop": true,
    "lores": [],
    "loot-tables": {
      "chests/simple_dungeon": 10,
      "chests/abandoned_mineshaft": 10
    },
    "fragment-loot-tables": {}
  },
  {
    "title": "Gravity",
    "author": "Pixel",
    "duration": 108,
    "disc-namespace": "gravitypixelone",
    "model-data": 3,
    "creeper-drop": false,
    "lores": [],
    "loot-tables": {},
    "fragment-loot-tables": {
      "chests/nether_bridge": 20,
      "chests/ruined_portal": 10
    }
  },
  {
    "title": "Rude",
    "author": "Null",
    "duration": 294,
    "disc-namespace": "rudenullone",
    "model-data": 4,
    "creeper-drop": false,
    "lores": [],
    "loot-tables": {},
    "fragment-loot-tables": {
      "chests/pillager_outpost": 10,
      "chests/abandoned_mineshaft": 10
    }
  },
  {
    "title": "Halloween Chiptune",
    "author": "Andrew G.",
    "duration": 64,
    "disc-namespace": "halloweenchiptuneandrewgone",
    "model-data": 5,
    "creeper-drop": false,
    "lores": [],
    "loot-tables": {
      "chests/desert_pyramid": 50,
      "chests/abandoned_mineshaft": 30
    },
    "fragment-loot-tables": {}
  },
  {
    "title": "Sorrow",
    "author": "Round III",
    "duration": 85,
    "disc-namespace": "sorrowroundiiione",
    "model-data": 6,
    "creeper-drop": false,
    "lores": [],
    "loot-tables": {
      "chests/ancient_city": 50,
      "chests/ancient_city_ice_box": 50,
      "chests/igloo_chest": 100
    },
    "fragment-loot-tables": {}
  },
  {
    "title": "Moons Lullaby",
    "author": "Admin",
    "duration": 106,
    "disc-namespace": "moonslullabyadminone",
    "model-data": 7,
    "creeper-drop": false,
    "lores": [],
    "loot-tables": {
      "chests/end_city_treasure": 50
    },
    "fragment-loot-tables": {}
  }
]