{
  "darkstepeternityone": {
    "sounds": [
      {
        "name": "records/darkstepeternityone",
        "stream": true
      }
    ]
  },
  "chaosreignshernestone": {
    "sounds": [
      {
        "name": "records/chaosreignshernestone",
        "stream": true
      }
    ]
  },
  "gravitypixelone": {
    "sounds": [
      {
        "name": "records/gravitypixelone",
        "stream": true
      }
    ]
  },
  "rudenullone": {
    "sounds": [
      {
        "name": "records/rudenullone",
        "stream": true
      }
    ]
  },
  "halloweenchiptuneandrewgone": {
    "sounds": [
      {
        "name": "records/halloweenchiptuneandrewgone",
        "stream": true
      }
    ]
  },
  "sorrowroundiiione": {
    "sounds": [
      {
        "name": "records/sorrowroundiiione",
        "stream": true
      }
    ]
  },
  "moonslullabyadminone": {
    "sounds": [
      {
        "name": "records/moonslullabyadminone",
        "stream": true
      }
    ]
  }
}