{
  "archaicwindsjupengchenone": {
    "sounds": [
      {
        "name": "records/archaicwindsjupengchenone",
        "stream": true
      }
    ]
  },
  "chaosreignspixelone": {
    "sounds": [
      {
        "name": "records/chaosreignspixelone",
        "stream": true
      }
    ]
  },
  "chaospixelone": {
    "sounds": [
      {
        "name": "records/chaospixelone",
        "stream": true
      }
    ]
  },
  "childrenofthecitywardenone": {
    "sounds": [
      {
        "name": "records/childrenofthecitywardenone",
        "stream": true
      }
    ]
  },
  "darkstepeternityone": {
    "sounds": [
      {
        "name": "records/darkstepeternityone",
        "stream": true
      }
    ]
  },
  "deviltowncavetownone": {
    "sounds": [
      {
        "name": "records/deviltowncavetownone",
        "stream": true
      }
    ]
  },
  "goldenbitadmintwozeroone": {
    "sounds": [
      {
        "name": "records/goldenbitadmintwozeroone",
        "stream": true
      }
    ]
  },
  "gravitypixelone": {
    "sounds": [
      {
        "name": "records/gravitypixelone",
        "stream": true
      }
    ]
  },
  "halloweenchiptuneandrewgone": {
    "sounds": [
      {
        "name": "records/halloweenchiptuneandrewgone",
        "stream": true
      }
    ]
  },
  "lordofcinderadminoneone": {
    "sounds": [
      {
        "name": "records/lordofcinderadminoneone",
        "stream": true
      }
    ]
  },
  "menacingstormyupengchenone": {
    "sounds": [
      {
        "name": "records/menacingstormyupengchenone",
        "stream": true
      }
    ]
  },
  "moonslullabyangelsone": {
    "sounds": [
      {
        "name": "records/moonslullabyangelsone",
        "stream": true
      }
    ]
  },
  "ordinarypixelone": {
    "sounds": [
      {
        "name": "records/ordinarypixelone",
        "stream": true
      }
    ]
  },
  "radiobioone": {
    "sounds": [
      {
        "name": "records/radiobioone",
        "stream": true
      }
    ]
  },
  "rudenullone": {
    "sounds": [
      {
        "name": "records/rudenullone",
        "stream": true
      }
    ]
  },
  "snowtalesyupengchenone": {
    "sounds": [
      {
        "name": "records/snowtalesyupengchenone",
        "stream": true
      }
    ]
  },
  "snowytobyfoxone": {
    "sounds": [
      {
        "name": "records/snowytobyfoxone",
        "stream": true
      }
    ]
  },
  "sorrowroundiiione": {
    "sounds": [
      {
        "name": "records/sorrowroundiiione",
        "stream": true
      }
    ]
  },
  "waterfallunknownartistone": {
    "sounds": [
      {
        "name": "records/waterfalltobyfoxone",
        "stream": true
      }
    ]
  },
  "wildflowerolddruidone": {
    "sounds": [
      {
        "name": "records/wildflowerolddruidone",
        "stream": true
      }
    ]
  }
}