{
  "darkstepeternityone": {
    "sounds": [
      {
        "name": "records/darkstepeternityone",
        "stream": true
      }
    ]
  },
  "chaosreignshernestone": {
    "sounds": [
      {
        "name": "records/chaosreignshernestone",
        "stream": true
      }
    ]
  },
  "gravitypixelone": {
    "sounds": [
      {
        "name": "records/gravitypixelone",
        "stream": true
      }
    ]
  },
  "rudenullone": {
    "sounds": [
      {
        "name": "records/rudenullone",
        "stream": true
      }
    ]
  },
  "halloweenchiptuneandrewgone": {
    "sounds": [
      {
        "name": "records/halloweenchiptuneandrewgone",
        "stream": true
      }
    ]
  },
  "sorrowroundiiione": {
    "sounds": [
      {
        "name": "records/sorrowroundiiione",
        "stream": true
      }
    ]
  },
  "moonslullabyadminone": {
    "sounds": [
      {
        "name": "records/moonslullabyadminone",
        "stream": true
      }
    ]
  },
  "ordinaryadminone": {
    "sounds": [
      {
        "name": "records/ordinaryadminone",
        "stream": true
      }
    ]
  },
  "radiobioone": {
    "sounds": [
      {
        "name": "records/radiobioone",
        "stream": true
      }
    ]
  },
  "deviltowncavetownone": {
    "sounds": [
      {
        "name": "records/deviltowncavetownone",
        "stream": true
      }
    ]
  },
  "childrenofthecitywardenone": {
    "sounds": [
      {
        "name": "records/childrenofthecitywardenone",
        "stream": true
      }
    ]
  },
  "waterfalltobyfoxone": {
    "sounds": [
      {
        "name": "records/waterfalltobyfoxone",
        "stream": true
      }
    ]
  },
  "snowytobyfoxone": {
    "sounds": [
      {
        "name": "records/snowytobyfoxone",
        "stream": true
      }
    ]
  },
  "lordofcindersoulone": {
    "sounds": [
      {
        "name": "records/lordofcindersoulone",
        "stream": true
      }
    ]
  },
  "goldenbitadminone": {
    "sounds": [
      {
        "name": "records/goldenbitadminone",
        "stream": true
      }
    ]
  },
  "wildfloweradminone": {
    "sounds": [
      {
        "name": "records/wildfloweradminone",
        "stream": true
      }
    ]
  },
  "archaicwindsyupengchengone": {
    "sounds": [
      {
        "name": "records/archaicwindsyupengchengone",
        "stream": true
      }
    ]
  },
  "menacingstormyupengchengone": {
    "sounds": [
      {
        "name": "records/menacingstormyupengchengone",
        "stream": true
      }
    ]
  },
  "snowtalesyupengchengone": {
    "sounds": [
      {
        "name": "records/snowtalesyupengchengone",
        "stream": true
      }
    ]
  },
  "chaospixelone": {
    "sounds": [
      {
        "name": "records/chaospixelone",
        "stream": true
      }
    ]
  }
}