{
  "parent": "item/generated",
  "textures": {
    "layer0": "item/disc_fragment_5"
  },
  "overrides": [
    {
      "predicate": {
        "custom_model_data": 1
      },
      "model": "item/fragment_darkstepeternityone"
    },
    {
      "predicate": {
        "custom_model_data": 2
      },
      "model": "item/fragment_chaosreignshernestone"
    },
    {
      "predicate": {
        "custom_model_data": 3
      },
      "model": "item/fragment_gravitypixelone"
    },
    {
      "predicate": {
        "custom_model_data": 4
      },
      "model": "item/fragment_rudenullone"
    },
    {
      "predicate": {
        "custom_model_data": 5
      },
      "model": "item/fragment_halloweenchiptuneandrewgone"
    },
    {
      "predicate": {
        "custom_model_data": 6
      },
      "model": "item/fragment_sorrowroundiiione"
    },
    {
      "predicate": {
        "custom_model_data": 7
      },
      "model": "item/fragment_moonslullabyadminone"
    }
  ]
}