{
  "parent": "item/generated",
  "textures": {
    "layer0": "item/music_disc_11"
  },
  "overrides": [
    {
      "predicate": {
        "custom_model_data": 1
      },
      "model": "item/music_disc_darkstepeternityone"
    },
    {
      "predicate": {
        "custom_model_data": 2
      },
      "model": "item/music_disc_chaosreignshernestone"
    },
    {
      "predicate": {
        "custom_model_data": 3
      },
      "model": "item/music_disc_gravitypixelone"
    },
    {
      "predicate": {
        "custom_model_data": 4
      },
      "model": "item/music_disc_rudenullone"
    },
    {
      "predicate": {
        "custom_model_data": 5
      },
      "model": "item/music_disc_halloweenchiptuneandrewgone"
    },
    {
      "predicate": {
        "custom_model_data": 6
      },
      "model": "item/music_disc_sorrowroundiiione"
    },
    {
      "predicate": {
        "custom_model_data": 7
      },
      "model": "item/music_disc_moonslullabyadminone"
    }
  ]
}