{
  "parent": "minecraft:item/generated",
  "textures": {
		"0": "incendium:item/lunacy/lunacy",
		"2": "incendium:item/lunacy/lunacy_fire",
		"particle": "incendium:item/lunacy/lunacy"
	},
	"elements": [
		{
			"name": "flame_cube",
			"from": [7, 8, 7],
			"to": [9, 10, 9],
			"light_emission":15,
			"shade": false,
			"rotation": {"angle": 0, "axis": "y", "origin": [8, 5, 8]},
			"faces": {
				"north": {"uv": [7, 14, 9, 16], "texture": "#2"},
				"east": {"uv": [9, 14, 7, 16], "texture": "#2"},
				"south": {"uv": [7, 14, 9, 16], "texture": "#2"},
				"west": {"uv": [9, 14, 7, 16], "texture": "#2"},
				"up": {"uv": [8, 14, 7, 15], "texture": "#2"}
			}
		},
		{
			"name": "wood",
			"from": [7, 0, 7],
			"to": [9, 8, 9],
			"rotation": {"angle": 0, "axis": "y", "origin": [8, 5, 8]},
			"faces": {
				"north": {"uv": [7, 8, 9, 16], "texture": "#0"},
				"east": {"uv": [7, 8, 9, 16], "texture": "#0"},
				"south": {"uv": [7, 8, 9, 16], "texture": "#0"},
				"west": {"uv": [7, 8, 9, 16], "texture": "#0"},
				"down": {"uv": [9, 14, 7, 16], "texture": "#0", "cullface": "down"}
			}
		},
		{
			"name": "flame",
			"from": [5.6, 9, 6],
			"to": [5.6, 16, 10],
			"light_emission":15,
			"shade": false,
			"rotation": {"angle": 22.5, "axis": "z", "origin": [8, 16, 8], "rescale": true},
			"faces": {
				"east": {"uv": [6, 8, 10, 16], "texture": "#2"},
				"west": {"uv": [6, 8, 10, 16], "texture": "#2"}
			}
		}
	],
	"gui_light": "front",
	"display": {
		"thirdperson_righthand": {
			"rotation": [-38, 90, 55],
			"translation": [0, 3.5, 3],
			"scale": [0.85, 0.85, 0.85]
		},
		"thirdperson_lefthand": {
			"rotation": [-38, -90, -55],
			"translation": [0, 3.5, 3],
			"scale": [0.85, 0.85, 0.85]
		},
		"firstperson_righthand": {
			"rotation": [-22, 88, 0],
			"translation": [2.5, 6, -0.75]
		},
		"firstperson_lefthand": {
			"rotation": [-22, -88, 0],
			"translation": [2.5, 6, -0.75]
		},
		"ground": {
			"translation": [0, 2, 0],
			"scale": [0.5, 0.5, 0.5]
		},
		"head": {
			"rotation": [0, 90, 0],
			"translation": [0, 13, 0]
		},
		"fixed": {
			"rotation": [0, 90, 0],
			"translation": [0, 2.5, 0]
		}
  }
}