{
	"credit": "Made with Blockbench",
	"textures": {
		"2": "block/torch/soul_torch_fire",
		"3": "block/torch/soul_torch",
		"particle": "block/torch/soul_torch"
	},
	"elements": [
		{
			"name": "wood",
			"from": [1, 3, 7],
			"to": [3, 11, 9],
			"rotation": {"angle": -22.5, "axis": "z", "origin": [2, 8, 8]},
			"faces": {
				"north": {"uv": [7, 8, 9, 16], "texture": "#3"},
				"east": {"uv": [7, 8, 9, 16], "texture": "#3"},
				"south": {"uv": [7, 8, 9, 16], "texture": "#3"},
				"west": {"uv": [7, 8, 9, 16], "texture": "#3"},
				"down": {"uv": [9, 14, 7, 16], "texture": "#3"}
			}
		},
		{
			"from": [-0.75, 6, 6.375],
			"to": [3.25, 7, 9.625],
			"rotation": {"angle": 0, "axis": "y", "origin": [1.625, 6.5, 8]},
			"faces": {
				"north": {"uv": [9, 13, 13, 14], "texture": "#3"},
				"east": {"uv": [9, 14, 13, 15], "texture": "#3"},
				"south": {"uv": [9, 13, 13, 14], "texture": "#3"},
				"west": {"uv": [9, 15, 13, 16], "texture": "#3", "cullface": "west"},
				"up": {"uv": [9, 13, 13, 16], "texture": "#3"},
				"down": {"uv": [9, 12, 13, 16], "texture": "#3"}
			}
		},
		{
			"name": "flame_cube",
			"from": [1, 11, 7],
			"to": [3, 13, 9],
			"shade": false, "light_emission":15,
			"rotation": {"angle": -22.5, "axis": "z", "origin": [2, 8, 8]},
			"faces": {
				"north": {"uv": [7, 14, 9, 16], "texture": "#2"},
				"east": {"uv": [9, 14, 7, 16], "texture": "#2"},
				"south": {"uv": [7, 14, 9, 16], "texture": "#2"},
				"west": {"uv": [9, 14, 7, 16], "texture": "#2"},
				"up": {"uv": [8, 14, 7, 15], "texture": "#2"}
			}
		},
		{
			"name": "flame1",
			"from": [0.75, 11, 8],
			"to": [6.25, 18, 8],
			"shade": false, "light_emission":15,
			"rotation": {"angle": 0, "axis": "y", "origin": [8, 16, 8]},
			"faces": {
				"north": {"uv": [5, 8, 11, 15], "texture": "#2"},
				"south": {"uv": [5, 8, 11, 15], "texture": "#2"}
			}
		},
		{
			"name": "flame2",
			"from": [3.5, 10.75, 5.5],
			"to": [3.5, 17.75, 10.5],
			"shade": false, "light_emission":15,
			"rotation": {"angle": 0, "axis": "y", "origin": [8, 16, 8]},
			"faces": {
				"east": {"uv": [5, 8, 11, 15], "texture": "#2"},
				"west": {"uv": [5, 8, 11, 15], "texture": "#2"}
			}
		}
    ]
}