{
	"credit": "Made with Blockbench",
	"parent": "block/block",
	"textures": {
		"2": "block/calibrated_sculk_sensor_top_inactive",
		"3": "block/sculk_sensor_bottom",
		"4": "block/calibrated_sculk_sensor_input_side",
		"5": "block/calibrated_sculk_sensor_amethyst",
		"6": "block/sculk_sensor_side_low",
		"7": "block/sculk_sensor_side",
		"8": "block/sculk_sensor_tendril_inactive",
		"particle": "block/sculk_sensor_side"
	},
	"elements": [
		{
			"from": [0, 0, 0],
			"to": [16, 8, 16],
			"faces": {
				"north": {"uv": [0, 8, 16, 16], "texture": "#7", "cullface": "north"},
				"east": {"uv": [0, 8, 16, 16], "texture": "#6", "cullface": "east"},
				"south": {"uv": [0, 8, 16, 16], "texture": "#4", "cullface": "south"},
				"west": {"uv": [0, 8, 16, 16], "texture": "#6", "cullface": "west"},
				"up": {"uv": [0, 0, 16, 16], "texture": "#2"},
				"down": {"uv": [0, 0, 16, 16], "texture": "#3", "cullface": "down"}
			}
		},
		{
			"from": [-1, 8, 3],
			"to": [7, 16, 3],
			"rotation": {"angle": 45, "axis": "y", "origin": [3, 12, 3]},
			"faces": {
				"north": {"uv": [4, 8, 12, 16], "texture": "#8"},
				"south": {"uv": [12, 8, 4, 16], "texture": "#8"}
			}
		},
		{
			"from": [9, 8, 3],
			"to": [17, 16, 3],
			"rotation": {"angle": -45, "axis": "y", "origin": [13, 12, 3]},
			"faces": {
				"north": {"uv": [12, 8, 4, 16], "texture": "#8"},
				"south": {"uv": [4, 8, 12, 16], "texture": "#8"}
			}
		},
		{
			"from": [9, 8, 13],
			"to": [17, 16, 13],
			"rotation": {"angle": 45, "axis": "y", "origin": [13, 12, 13]},
			"faces": {
				"north": {"uv": [12, 8, 4, 16], "texture": "#8"},
				"south": {"uv": [4, 8, 12, 16], "texture": "#8"}
			}
		},
		{
			"from": [-1, 8, 13],
			"to": [7, 16, 13],
			"rotation": {"angle": -45, "axis": "y", "origin": [3, 12, 13]},
			"faces": {
				"north": {"uv": [4, 8, 12, 16], "texture": "#8"},
				"south": {"uv": [12, 8, 4, 16], "texture": "#8"}
			}
		},
		{
			"from": [8, 8, 0],
			"to": [8, 20, 16],
			"shade": false,
			"rotation": {"angle": 45, "axis": "y", "origin": [8, 9, 8], "rescale": true},
			"faces": {
				"east": {"uv": [0, 4, 16, 16], "texture": "#5"},
				"west": {"uv": [0, 4, 16, 16], "texture": "#5"}
			}
		},
		{
			"from": [0, 8, 8],
			"to": [16, 20, 8],
			"shade": false,
			"rotation": {"angle": 45, "axis": "y", "origin": [8, 9, 8], "rescale": true},
			"faces": {
				"north": {"uv": [0, 4, 16, 16], "texture": "#5"},
				"south": {"uv": [0, 4, 16, 16], "texture": "#5"}
			}
		}
	],
	"gui_light": "front",
	"display": {
		"thirdperson_lefthand": {
			"rotation": [75, -45, 0],
			"translation": [0, 2.5, 0],
			"scale": [0.375, 0.375, 0.375]
		},
		"gui": {
			"rotation": [30, 45, 0],
			"scale": [0.625, 0.625, 0.625]
		},
		"head": {
			"rotation": [0, -180, 0]
		}
	}
}