{
	"credit": "Made with Blockbench",
	"ambientocclusion": false,
	"textures": {
		"particle": "block/flower_pot",
		"flowerpot": "block/flower_pot"
	},
	"elements": [
		{
			"from": [2.6, 7, 8],
			"to": [13.4, 19, 8],
			"rotation": {"angle": 45, "axis": "y", "origin": [8, 8, 8], "rescale": true},
			"faces": {
				"north": {"uv": [0, 0, 16, 16], "texture": "#plant"},
				"south": {"uv": [0, 0, 16, 16], "texture": "#plant"}
			}
		},
		{
			"from": [8, 7, 2.6],
			"to": [8, 19, 13.4],
			"rotation": {"angle": 45, "axis": "y", "origin": [8, 8, 8], "rescale": true},
			"faces": {
				"east": {"uv": [0, 0, 16, 16], "texture": "#plant"},
				"west": {"uv": [0, 0, 16, 16], "texture": "#plant"}
			}
		},
		{
			"from": [4.75, 3.4, 4.75],
			"to": [11.25, 4.4, 11.25],
			"faces": {
				"north": {"uv": [0, 13, 6, 14], "texture": "#flowerpot"},
				"east": {"uv": [0, 13, 6, 14], "texture": "#flowerpot"},
				"south": {"uv": [0, 13, 6, 14], "texture": "#flowerpot"},
				"west": {"uv": [0, 13, 6, 14], "texture": "#flowerpot"},
				"up": {"uv": [0, 15, 1, 16], "texture": "#flowerpot"},
				"down": {"uv": [0, 15, 1, 16], "texture": "#flowerpot"}
			}
		},
		{
			"from": [5, 0, 5],
			"to": [11, 7, 11],
			"faces": {
				"north": {"uv": [0, 0, 6, 7], "texture": "#flowerpot"},
				"east": {"uv": [0, 0, 6, 7], "texture": "#flowerpot"},
				"south": {"uv": [0, 0, 6, 7], "texture": "#flowerpot"},
				"west": {"uv": [0, 0, 6, 7], "texture": "#flowerpot"},
				"up": {"uv": [7, 1, 13, 7], "texture": "#flowerpot"},
				"down": {"uv": [0, 7, 6, 13], "texture": "#flowerpot"}
			}
		},
		{
			"from": [4, 5, 5],
			"to": [5, 8, 11],
			"faces": {
				"north": {"uv": [0, 0, 1, 3], "texture": "#flowerpot"},
				"east": {"uv": [7, 11, 13, 14], "texture": "#flowerpot"},
				"south": {"uv": [0, 0, 1, 3], "texture": "#flowerpot"},
				"west": {"uv": [7, 13, 13, 16], "texture": "#flowerpot"},
				"up": {"uv": [13, 1, 14, 7], "texture": "#flowerpot"},
				"down": {"uv": [7, 9, 13, 10], "rotation": 90, "texture": "#flowerpot"}
			}
		},
		{
			"from": [11, 5, 5],
			"to": [12, 8, 11],
			"faces": {
				"north": {"uv": [0, 0, 1, 3], "texture": "#flowerpot"},
				"east": {"uv": [7, 13, 13, 16], "texture": "#flowerpot"},
				"south": {"uv": [0, 0, 1, 3], "texture": "#flowerpot"},
				"west": {"uv": [7, 11, 13, 14], "texture": "#flowerpot"},
				"up": {"uv": [6, 1, 7, 7], "texture": "#flowerpot"},
				"down": {"uv": [7, 11, 13, 12], "rotation": 90, "texture": "#flowerpot"}
			}
		},
		{
			"from": [4, 5, 4],
			"to": [12, 8, 5],
			"faces": {
				"north": {"uv": [6, 13, 14, 16], "texture": "#flowerpot"},
				"east": {"uv": [13, 13, 14, 16], "texture": "#flowerpot"},
				"south": {"uv": [5, 9, 13, 12], "texture": "#flowerpot"},
				"west": {"uv": [6, 13, 7, 16], "texture": "#flowerpot"},
				"up": {"uv": [6, 7, 14, 8], "texture": "#flowerpot"},
				"down": {"uv": [6, 9, 14, 10], "texture": "#flowerpot"}
			}
		},
		{
			"from": [4, 5, 11],
			"to": [12, 8, 12],
			"faces": {
				"north": {"uv": [6, 8, 14, 11], "texture": "#flowerpot"},
				"east": {"uv": [6, 13, 7, 16], "texture": "#flowerpot"},
				"south": {"uv": [6, 13, 14, 16], "texture": "#flowerpot"},
				"west": {"uv": [13, 13, 14, 16], "texture": "#flowerpot"},
				"up": {"uv": [6, 0, 14, 1], "texture": "#flowerpot"},
				"down": {"uv": [6, 11, 14, 12], "texture": "#flowerpot"}
			}
		}
	],
	"groups": [
		0,
		1,
		{
			"name": "group",
			"origin": [0, 0, 0],
			"color": 0,
			"children": [2, 3, 4, 5, 6, 7]
		}
	]
}