{
	"credit": "Made with Blockbench",
	"ambientocclusion": false,
	"textures": {
		"0": "block/sculk_vein",
		"6": "block/sculk_vein_dots",
		"12": "block/sculk_vein_center",
		"particle": "block/sculk_vein"
	},
	"elements": [
		{
			"name": "sculk_vein",
			"from": [0, 0, 0.025],
			"to": [16, 16, 0.025],
			"faces": {
				"north": {"uv": [0, 0, 16, 16], "texture": "#0"},
				"south": {"uv": [16, 0, 0, 16], "texture": "#0"}
			}
		},
		{
			"name": "sculk_vein_center",
			"from": [0, 0, 0.025],
			"to": [16, 16, 0.025],
			"faces": {
				"north": {"uv": [0, 0, 16, 16], "texture": "#12"},
				"south": {"uv": [16, 0, 0, 16], "texture": "#12"}
			}
		},
		{
			"name": "sculk_vein_dots",
			"from": [0, 0, 0.05],
			"to": [16, 16, 0.05],
			"faces": {
				"north": {"uv": [0, 0, 16, 16], "texture": "#6"},
				"south": {"uv": [16, 0, 0, 16], "texture": "#6"}
			}
		}
	]
}