{
	"credit": "Made with Blockbench",
	"parent": "block/block",
	"textures": {
		"3": "block/sculk_sensor_bottom",
		"4": "block/sculk_sensor_side_low",
		"7": "block/sculk_sensor_side",
		"9": "block/sculk_sensor_top_active",
		"12": "block/sculk_sensor_tendril_active",
		"particle": "block/sculk_sensor_bottom"
	},
	"elements": [
		{
			"from": [0, 0, 0],
			"to": [16, 8, 16],
			"faces": {
				"north": {"uv": [0, 8, 16, 16], "texture": "#7", "cullface": "north"},
				"east": {"uv": [0, 8, 16, 16], "texture": "#4", "cullface": "east"},
				"south": {"uv": [0, 8, 16, 16], "texture": "#7", "cullface": "south"},
				"west": {"uv": [16, 8, 0, 16], "texture": "#4", "cullface": "west"},
				"up": {"uv": [0, 0, 16, 16], "texture": "#9"},
				"down": {"uv": [0, 0, 16, 16], "texture": "#3", "cullface": "down"}
			}
		},
		{
			"from": [-1, 8, 3],
			"to": [7, 16, 3],
			"rotation": {"angle": 45, "axis": "y", "origin": [3, 12, 3]},
			"faces": {
				"north": {"uv": [4, 8, 12, 16], "texture": "#12"},
				"south": {"uv": [12, 8, 4, 16], "texture": "#12"}
			}
		},
		{
			"from": [9, 8, 3],
			"to": [17, 16, 3],
			"rotation": {"angle": -45, "axis": "y", "origin": [13, 12, 3]},
			"faces": {
				"north": {"uv": [12, 8, 4, 16], "texture": "#12"},
				"south": {"uv": [4, 8, 12, 16], "texture": "#12"}
			}
		},
		{
			"from": [9, 8, 13],
			"to": [17, 16, 13],
			"rotation": {"angle": 45, "axis": "y", "origin": [13, 12, 13]},
			"faces": {
				"north": {"uv": [12, 8, 4, 16], "texture": "#12"},
				"south": {"uv": [4, 8, 12, 16], "texture": "#12"}
			}
		},
		{
			"from": [-1, 8, 13],
			"to": [7, 16, 13],
			"rotation": {"angle": -45, "axis": "y", "origin": [3, 12, 13]},
			"faces": {
				"north": {"uv": [4, 8, 12, 16], "texture": "#12"},
				"south": {"uv": [12, 8, 4, 16], "texture": "#12"}
			}
		}
	]
}