{
	"credit": "Made with Blockbench",
	"parent": "block/block",
	"textures": {
		"2": "block/sculk_shrieker_side",
		"3": "block/sculk_shrieker_top",
		"particle": "block/sculk_shrieker_bottom"
	},
	"elements": [
		{
			"name": "west",
			"from": [1.02, 8, 10],
			"to": [1.02, 15, 15],
			"rotation": {"angle": 0, "axis": "x", "origin": [0, 8, 10]},
			"faces": {
				"east": {"uv": [1, 1, 6, 8], "texture": "#2"}
			}
		},
		{
			"name": "top_slab",
			"from": [1, 8, 10],
			"to": [15, 15, 15],
			"rotation": {"angle": 0, "axis": "x", "origin": [0, 8, 10]},
			"faces": {
				"east": {"uv": [1, 1, 6, 8], "texture": "#2"},
				"south": {"uv": [1, 1, 15, 8], "texture": "#2"},
				"west": {"uv": [10, 1, 15, 8], "texture": "#2"},
				"up": {"uv": [1, 10, 15, 15], "texture": "#3"}
			}
		},
		{
			"name": "up",
			"from": [1, 14.98, 11],
			"to": [15, 14.98, 15],
			"rotation": {"angle": 0, "axis": "x", "origin": [0, 8, 10]},
			"faces": {
				"down": {"uv": [1, 1, 15, 5], "texture": "#3"}
			}
		},
		{
			"name": "south",
			"from": [1, 8, 14.98],
			"to": [15, 15, 14.98],
			"rotation": {"angle": 0, "axis": "x", "origin": [0, 8, 10]},
			"faces": {
				"north": {"uv": [1, 1, 15, 8], "texture": "#2"}
			}
		},
		{
			"name": "east",
			"from": [14.98, 8, 10],
			"to": [14.98, 15, 15],
			"rotation": {"angle": 0, "axis": "x", "origin": [0, 8, 10]},
			"faces": {
				"west": {"uv": [10, 1, 15, 8], "texture": "#2"}
			}
		},
		{
			"name": "top_slab",
			"from": [1, 8, 1],
			"to": [15, 15, 6],
			"rotation": {"angle": 0, "axis": "x", "origin": [0, 8, 6]},
			"faces": {
				"north": {"uv": [1, 1, 15, 8], "texture": "#2"},
				"east": {"uv": [10, 1, 15, 8], "texture": "#2"},
				"west": {"uv": [1, 1, 6, 8], "texture": "#2"},
				"up": {"uv": [1, 1, 15, 6], "texture": "#3"}
			}
		},
		{
			"name": "up",
			"from": [1, 14.98, 1],
			"to": [15, 14.98, 5],
			"rotation": {"angle": 0, "axis": "x", "origin": [0, 8, 6]},
			"faces": {
				"down": {"uv": [1, 11, 15, 15], "texture": "#3"}
			}
		},
		{
			"name": "north",
			"from": [1, 8, 1.02],
			"to": [15, 15, 1.02],
			"rotation": {"angle": 0, "axis": "x", "origin": [0, 8, 6]},
			"faces": {
				"south": {"uv": [1, 1, 15, 8], "texture": "#2"}
			}
		},
		{
			"name": "east",
			"from": [14.98, 8, 1],
			"to": [14.98, 15, 6],
			"rotation": {"angle": 0, "axis": "x", "origin": [0, 8, 6]},
			"faces": {
				"west": {"uv": [1, 1, 6, 8], "texture": "#2"}
			}
		},
		{
			"name": "west",
			"from": [1.02, 8, 1],
			"to": [1.02, 15, 6],
			"rotation": {"angle": 0, "axis": "x", "origin": [0, 8, 6]},
			"faces": {
				"east": {"uv": [10, 1, 15, 8], "texture": "#2"}
			}
		}
	],
	"groups": [
		{
			"name": "SouthBones",
			"origin": [0, 0, 0],
			"color": 0,
			"nbt": "{}",
			"children": [0, 1, 2, 3, 4]
		},
		{
			"name": "NorthBones",
			"origin": [0, 0, 0],
			"color": 0,
			"nbt": "{}",
			"children": [5, 6, 7, 8, 9]
		}
	]
}