{
	"credit": "Made with Blockbench",
	"parent": "block/block",
	"textures": {
		"0": "block/sculk_shrieker_bottom",
		"1": "block/sculk_shrieker_inner_top_shriek",
		"2": "block/sculk_shrieker_side",
		"4": "block/sculk_shrieker_slab_bones",
		"particle": "block/sculk_shrieker_bottom"
	},
	"elements": [
		{
			"name": "bottom_slab",
			"from": [0, 0, 0],
			"to": [16, 8, 16],
			"faces": {
				"north": {"uv": [0, 8, 16, 16], "texture": "#2", "cullface": "north"},
				"east": {"uv": [0, 8, 16, 16], "texture": "#2", "cullface": "east"},
				"south": {"uv": [0, 8, 16, 16], "texture": "#2", "cullface": "south"},
				"west": {"uv": [0, 8, 16, 16], "texture": "#2", "cullface": "west"},
				"up": {"uv": [0, 0, 16, 16], "texture": "#1"},
				"down": {"uv": [0, 0, 16, 16], "texture": "#0", "cullface": "down"}
			}
		},
		{
			"name": "bones_slab",
			"from": [1, 8, 1],
			"to": [1, 10, 15],
			"faces": {
				"east": {"uv": [1, 14, 15, 16], "texture": "#4", "cullface": "north"}
			}
		},
		{
			"name": "bones_slab",
			"from": [1, 8, 1],
			"to": [15, 10, 15],
			"faces": {
				"north": {"uv": [1, 14, 15, 16], "texture": "#4", "cullface": "north"},
				"east": {"uv": [1, 14, 15, 16], "texture": "#4", "cullface": "north"},
				"south": {"uv": [1, 14, 15, 16], "texture": "#4", "cullface": "north"},
				"west": {"uv": [1, 14, 15, 16], "texture": "#4", "cullface": "north"}
			}
		},
		{
			"name": "bones_slab",
			"from": [15, 8, 1],
			"to": [15, 10, 15],
			"faces": {
				"west": {"uv": [1, 14, 15, 16], "texture": "#4", "cullface": "north"}
			}
		},
		{
			"name": "bones_slab",
			"from": [1, 8, 1],
			"to": [15, 10, 1],
			"faces": {
				"south": {"uv": [1, 14, 15, 16], "texture": "#4", "cullface": "north"}
			}
		},
		{
			"name": "bones_slab",
			"from": [1, 8, 15],
			"to": [15, 10, 15],
			"faces": {
				"north": {"uv": [1, 14, 15, 16], "texture": "#4", "cullface": "north"}
			}
		}
	],
	"groups": [
		0,
		{
			"name": "bones",
			"origin": [0, 0, 0],
			"color": 0,
			"nbt": "{}",
			"children": [1, 2, 3, 4, 5]
		}
	]
}