{
	"credit": "Made with Blockbench",
	"parent": "block/block",
	"ambientocclusion": false,
	"textures": {
		"3": "block/flower_pot",
		"azalea_plant": "block/potted_azalea_bush_plant",
		"particle": "block/flower_pot"
	},
	"elements": [
		{
			"from": [4, 18.9, 4],
			"to": [12, 19, 12],
			"rotation": {"angle": 0, "axis": "y", "origin": [0, 3, 0]},
			"faces": {
				"up": {"uv": [4, 4, 12, 12], "texture": "#top", "cullface": "up"},
				"down": {"uv": [4, 12, 12, 4], "texture": "#top"}
			}
		},
		{
			"from": [4, 11, 4],
			"to": [12, 19, 4],
			"rotation": {"angle": 0, "axis": "y", "origin": [0, 3, 0]},
			"faces": {
				"north": {"uv": [4, 5, 12, 13], "texture": "#side"},
				"south": {"uv": [12, 5, 4, 13], "texture": "#side"}
			}
		},
		{
			"from": [4, 11, 12],
			"to": [12, 19, 12],
			"rotation": {"angle": 0, "axis": "y", "origin": [0, 3, 0]},
			"faces": {
				"north": {"uv": [12, 5, 4, 13], "texture": "#side"},
				"south": {"uv": [4, 5, 12, 13], "texture": "#side"}
			}
		},
		{
			"from": [4, 11, 4],
			"to": [4, 19, 12],
			"rotation": {"angle": 0, "axis": "y", "origin": [0, 3, 0]},
			"faces": {
				"east": {"uv": [12, 5, 4, 13], "texture": "#side"},
				"west": {"uv": [4, 5, 12, 13], "texture": "#side"}
			}
		},
		{
			"from": [12, 11, 4],
			"to": [12, 19, 12],
			"rotation": {"angle": 0, "axis": "y", "origin": [0, 3, 0]},
			"faces": {
				"east": {"uv": [4, 5, 12, 13], "texture": "#side"},
				"west": {"uv": [12, 5, 4, 13], "texture": "#side"}
			}
		},
		{
			"from": [2.6, 7, 8],
			"to": [13.4, 19, 8],
			"rotation": {"angle": 45, "axis": "y", "origin": [8, 11, 8], "rescale": true},
			"faces": {
				"north": {"uv": [0, 4, 16, 16], "texture": "#azalea_plant"},
				"south": {"uv": [0, 4, 16, 16], "texture": "#azalea_plant"}
			}
		},
		{
			"from": [8, 7, 2.6],
			"to": [8, 19, 13.4],
			"rotation": {"angle": 45, "axis": "y", "origin": [8, 11, 8], "rescale": true},
			"faces": {
				"east": {"uv": [0, 4, 16, 16], "texture": "#azalea_plant"},
				"west": {"uv": [0, 4, 16, 16], "texture": "#azalea_plant"}
			}
		},
		{
			"from": [4.75, 3.4, 4.75],
			"to": [11.25, 4.4, 11.25],
			"faces": {
				"north": {"uv": [0, 13, 6, 14], "texture": "#3"},
				"east": {"uv": [0, 13, 6, 14], "texture": "#3"},
				"south": {"uv": [0, 13, 6, 14], "texture": "#3"},
				"west": {"uv": [0, 13, 6, 14], "texture": "#3"},
				"up": {"uv": [0, 15, 1, 16], "texture": "#3"},
				"down": {"uv": [0, 15, 1, 16], "texture": "#3"}
			}
		},
		{
			"from": [5, 0, 5],
			"to": [11, 7, 11],
			"faces": {
				"north": {"uv": [0, 0, 6, 7], "texture": "#3"},
				"east": {"uv": [0, 0, 6, 7], "texture": "#3"},
				"south": {"uv": [0, 0, 6, 7], "texture": "#3"},
				"west": {"uv": [0, 0, 6, 7], "texture": "#3"},
				"up": {"uv": [7, 1, 13, 7], "texture": "#3"},
				"down": {"uv": [0, 7, 6, 13], "texture": "#3"}
			}
		},
		{
			"from": [4, 5, 5],
			"to": [5, 8, 11],
			"faces": {
				"north": {"uv": [0, 0, 1, 3], "texture": "#3"},
				"east": {"uv": [7, 11, 13, 14], "texture": "#3"},
				"south": {"uv": [0, 0, 1, 3], "texture": "#3"},
				"west": {"uv": [7, 13, 13, 16], "texture": "#3"},
				"up": {"uv": [13, 1, 14, 7], "texture": "#3"},
				"down": {"uv": [7, 9, 13, 10], "rotation": 90, "texture": "#3"}
			}
		},
		{
			"from": [11, 5, 5],
			"to": [12, 8, 11],
			"faces": {
				"north": {"uv": [0, 0, 1, 3], "texture": "#3"},
				"east": {"uv": [7, 13, 13, 16], "texture": "#3"},
				"south": {"uv": [0, 0, 1, 3], "texture": "#3"},
				"west": {"uv": [7, 11, 13, 14], "texture": "#3"},
				"up": {"uv": [6, 1, 7, 7], "texture": "#3"},
				"down": {"uv": [7, 11, 13, 12], "rotation": 90, "texture": "#3"}
			}
		},
		{
			"from": [4, 5, 4],
			"to": [12, 8, 5],
			"faces": {
				"north": {"uv": [6, 13, 14, 16], "texture": "#3"},
				"east": {"uv": [13, 13, 14, 16], "texture": "#3"},
				"south": {"uv": [5, 9, 13, 12], "texture": "#3"},
				"west": {"uv": [6, 13, 7, 16], "texture": "#3"},
				"up": {"uv": [6, 7, 14, 8], "texture": "#3"},
				"down": {"uv": [6, 9, 14, 10], "texture": "#3"}
			}
		},
		{
			"from": [4, 5, 11],
			"to": [12, 8, 12],
			"faces": {
				"north": {"uv": [6, 8, 14, 11], "texture": "#3"},
				"east": {"uv": [6, 13, 7, 16], "texture": "#3"},
				"south": {"uv": [6, 13, 14, 16], "texture": "#3"},
				"west": {"uv": [13, 13, 14, 16], "texture": "#3"},
				"up": {"uv": [6, 0, 14, 1], "texture": "#3"},
				"down": {"uv": [6, 11, 14, 12], "texture": "#3"}
			}
		}
	],
	"groups": [
		0,
		1,
		2,
		3,
		4,
		5,
		6,
		{
			"name": "group",
			"origin": [0, 0, 0],
			"color": 0,
			"children": [7, 8, 9, 10, 11, 12]
		}
	]
}