{
  "model": {
    "type": "range_dispatch",
    "property": "custom_model_data",
    "fallback": {
      "type": "model",
      "model": "item/disc_fragment_5"
    },
    "entries": [
      {
        "threshold": 1,
        "model": {
          "type": "model",
          "model": "item/fragment_darkstepeternityone"
        }
      },
      {
        "threshold": 2,
        "model": {
          "type": "model",
          "model": "item/fragment_chaosreignshernestone"
        }
      },
      {
        "threshold": 3,
        "model": {
          "type": "model",
          "model": "item/fragment_gravitypixelone"
        }
      },
      {
        "threshold": 4,
        "model": {
          "type": "model",
          "model": "item/fragment_rudenullone"
        }
      },
      {
        "threshold": 5,
        "model": {
          "type": "model",
          "model": "item/fragment_halloweenchiptuneandrewgone"
        }
      },
      {
        "threshold": 6,
        "model": {
          "type": "model",
          "model": "item/fragment_sorrowroundiiione"
        }
      },
      {
        "threshold": 7,
        "model": {
          "type": "model",
          "model": "item/fragment_moonslullabyadminone"
        }
      }
    ]
  }
}