{
  "model": {
    "type": "range_dispatch",
    "property": "custom_model_data",
    "fallback": {
      "type": "model",
      "model": "item/music_disc_11"
    },
    "entries": [
      {
        "threshold": 1,
        "model": {
          "type": "model",
          "model": "item/music_disc_darkstepeternityone"
        }
      },
      {
        "threshold": 2,
        "model": {
          "type": "model",
          "model": "item/music_disc_chaosreignshernestone"
        }
      },
      {
        "threshold": 3,
        "model": {
          "type": "model",
          "model": "item/music_disc_gravitypixelone"
        }
      },
      {
        "threshold": 4,
        "model": {
          "type": "model",
          "model": "item/music_disc_rudenullone"
        }
      },
      {
        "threshold": 5,
        "model": {
          "type": "model",
          "model": "item/music_disc_halloweenchiptuneandrewgone"
        }
      },
      {
        "threshold": 6,
        "model": {
          "type": "model",
          "model": "item/music_disc_sorrowroundiiione"
        }
      },
      {
        "threshold": 7,
        "model": {
          "type": "model",
          "model": "item/music_disc_moonslullabyadminone"
        }
      }
    ]
  }
}