{
	"format_version": "1.9.0",
	"credit": "Made with Blockbench",
	"textures": {
		"1": "./golden_knife",
		"particle": "./golden_knife"
	},
	"elements": [
		{
			"name": "real_knife_15",
			"from": [9.5, 7.5, 7],
			"to": [10, 8.5, 7.5],
			"rotation": {"angle": 0, "axis": "y", "origin": [6.85577, 5.49038, 7.25]},
			"faces": {
				"north": {"uv": [6.5, 10.5, 7, 9.5], "rotation": 180, "texture": "#1"},
				"east": {"uv": [6.5, 9.5, 7, 10.5], "texture": "#1"},
				"south": {"uv": [6.5, 9.5, 7, 10.5], "texture": "#1"},
				"west": {"uv": [6.5, 9.5, 7, 10.5], "texture": "#1"},
				"up": {"uv": [7, 10, 6.5, 9.5], "rotation": 180, "texture": "#1"},
				"down": {"uv": [6.5, 9.5, 7, 10], "texture": "#1"}
			}
		},
		{
			"name": "real_knife_14",
			"from": [9, 7, 7],
			"to": [9.5, 8.5, 7.5],
			"rotation": {"angle": 0, "axis": "y", "origin": [6.85577, 5.49038, 7.25]},
			"faces": {
				"north": {"uv": [6, 11, 6.5, 9.5], "rotation": 180, "texture": "#1"},
				"east": {"uv": [6, 9.5, 6.5, 11], "texture": "#1"},
				"south": {"uv": [6, 9.5, 6.5, 11], "texture": "#1"},
				"west": {"uv": [6, 9.5, 6.5, 11], "texture": "#1"},
				"up": {"uv": [6.5, 9.5, 6, 10], "rotation": 180, "texture": "#1"},
				"down": {"uv": [6, 10.5, 6.5, 11], "texture": "#1"}
			}
		},
		{
			"name": "real_knife_13",
			"from": [8.5, 6.5, 7],
			"to": [9, 8.5, 7.5],
			"rotation": {"angle": 0, "axis": "y", "origin": [6.85577, 5.49038, 7.25]},
			"faces": {
				"north": {"uv": [5.5, 11.5, 6, 9.5], "rotation": 180, "texture": "#1"},
				"east": {"uv": [5.5, 9.5, 6, 11.5], "texture": "#1"},
				"south": {"uv": [5.5, 9.5, 6, 11.5], "texture": "#1"},
				"west": {"uv": [5.5, 9.5, 6, 11.5], "texture": "#1"},
				"up": {"uv": [6, 9.5, 5.5, 10], "rotation": 180, "texture": "#1"},
				"down": {"uv": [5.5, 11, 6, 11.5], "texture": "#1"}
			}
		},
		{
			"name": "real_knife_12",
			"from": [8, 6, 7],
			"to": [8.5, 8.5, 7.5],
			"rotation": {"angle": 0, "axis": "y", "origin": [6.85577, 5.49038, 7.25]},
			"faces": {
				"north": {"uv": [5, 12, 5.5, 9.5], "rotation": 180, "texture": "#1"},
				"east": {"uv": [5, 9.5, 5.5, 12], "texture": "#1"},
				"south": {"uv": [5, 9.5, 5.5, 12], "texture": "#1"},
				"west": {"uv": [5, 9.5, 5.5, 12], "texture": "#1"},
				"up": {"uv": [5.5, 9.5, 5, 10], "rotation": 180, "texture": "#1"},
				"down": {"uv": [5, 11.5, 5.5, 12], "texture": "#1"}
			}
		},
		{
			"name": "real_knife_11",
			"from": [7.5, 5.5, 7],
			"to": [8, 8.5, 7.5],
			"rotation": {"angle": 0, "axis": "y", "origin": [6.85577, 5.49038, 7.25]},
			"faces": {
				"north": {"uv": [4.5, 12.5, 5, 9.5], "rotation": 180, "texture": "#1"},
				"east": {"uv": [4.5, 9.5, 5, 12.5], "texture": "#1"},
				"south": {"uv": [4.5, 9.5, 5, 12.5], "texture": "#1"},
				"west": {"uv": [4.5, 9.5, 5, 12.5], "texture": "#1"},
				"up": {"uv": [5, 9.5, 4.5, 10], "rotation": 180, "texture": "#1"},
				"down": {"uv": [4.5, 12, 5, 12.5], "texture": "#1"}
			}
		},
		{
			"name": "real_knife_10",
			"from": [7, 5, 7],
			"to": [7.5, 8, 7.5],
			"rotation": {"angle": 0, "axis": "y", "origin": [6.85577, 5.49038, 7.25]},
			"faces": {
				"north": {"uv": [4, 13, 4.5, 10], "rotation": 180, "texture": "#1"},
				"east": {"uv": [4, 10, 4.5, 13], "texture": "#1"},
				"south": {"uv": [4, 10, 4.5, 13], "texture": "#1"},
				"west": {"uv": [4, 10, 4.5, 13], "texture": "#1"},
				"up": {"uv": [4.5, 10, 4, 10.5], "rotation": 180, "texture": "#1"},
				"down": {"uv": [4, 12.5, 4.5, 13], "texture": "#1"}
			}
		},
		{
			"name": "real_knife_9",
			"from": [6.5, 4.5, 7],
			"to": [7, 8, 7.5],
			"rotation": {"angle": 0, "axis": "y", "origin": [6.85577, 5.49038, 7.25]},
			"faces": {
				"north": {"uv": [3.5, 13.5, 4, 10], "rotation": 180, "texture": "#1"},
				"east": {"uv": [3.5, 10, 4, 13.5], "texture": "#1"},
				"south": {"uv": [3.5, 10, 4, 13.5], "texture": "#1"},
				"west": {"uv": [3.5, 10, 4, 13.5], "texture": "#1"},
				"up": {"uv": [4, 10, 3.5, 10.5], "rotation": 180, "texture": "#1"},
				"down": {"uv": [3.5, 13, 4, 13.5], "texture": "#1"}
			}
		},
		{
			"name": "real_knife_8",
			"from": [6, 4, 7],
			"to": [6.5, 7.5, 7.5],
			"rotation": {"angle": 0, "axis": "y", "origin": [6.85577, 5.49038, 7.25]},
			"faces": {
				"north": {"uv": [3, 14, 3.5, 10.5], "rotation": 180, "texture": "#1"},
				"east": {"uv": [3, 10.5, 3.5, 14], "texture": "#1"},
				"south": {"uv": [3, 10.5, 3.5, 14], "texture": "#1"},
				"west": {"uv": [3, 10.5, 3.5, 14], "texture": "#1"},
				"up": {"uv": [3.5, 10.5, 3, 11], "rotation": 180, "texture": "#1"},
				"down": {"uv": [3, 13.5, 3.5, 14], "texture": "#1"}
			}
		},
		{
			"name": "real_knife_7",
			"from": [5.5, 3.5, 7],
			"to": [6, 7, 7.5],
			"rotation": {"angle": 0, "axis": "y", "origin": [6.85577, 5.49038, 7.25]},
			"faces": {
				"north": {"uv": [2.5, 14.5, 3, 11], "rotation": 180, "texture": "#1"},
				"east": {"uv": [2.5, 11, 3, 14.5], "texture": "#1"},
				"south": {"uv": [2.5, 11, 3, 14.5], "texture": "#1"},
				"west": {"uv": [2.5, 11, 3, 14.5], "texture": "#1"},
				"up": {"uv": [3, 11, 2.5, 11.5], "rotation": 180, "texture": "#1"},
				"down": {"uv": [2.5, 14, 3, 14.5], "texture": "#1"}
			}
		},
		{
			"name": "real_knife_6",
			"from": [5, 3.5, 7],
			"to": [5.5, 6.5, 7.5],
			"rotation": {"angle": 0, "axis": "y", "origin": [6.85577, 5.49038, 7.25]},
			"faces": {
				"north": {"uv": [2, 14.5, 2.5, 11.5], "rotation": 180, "texture": "#1"},
				"east": {"uv": [2, 11.5, 2.5, 14.5], "texture": "#1"},
				"south": {"uv": [2.5, 11.5, 2, 14.5], "texture": "#1"},
				"west": {"uv": [2, 11.5, 2.5, 14.5], "texture": "#1"},
				"up": {"uv": [2.5, 11.5, 2, 12], "rotation": 180, "texture": "#1"},
				"down": {"uv": [2, 14, 2.5, 14.5], "texture": "#1"}
			}
		},
		{
			"name": "real_knife_5",
			"from": [4.5, 3, 7],
			"to": [5, 6, 7.5],
			"rotation": {"angle": 0, "axis": "y", "origin": [6.85577, 5.49038, 7.25]},
			"faces": {
				"north": {"uv": [1.5, 15, 2, 12], "rotation": 180, "texture": "#1"},
				"east": {"uv": [1.5, 12, 2, 15], "texture": "#1"},
				"south": {"uv": [1.5, 12, 2, 15], "texture": "#1"},
				"west": {"uv": [1.5, 12, 2, 15], "texture": "#1"},
				"up": {"uv": [2, 12, 1.5, 12.5], "rotation": 180, "texture": "#1"},
				"down": {"uv": [1.5, 14.5, 2, 15], "texture": "#1"}
			}
		},
		{
			"name": "real_knife_4",
			"from": [4, 4.5, 7],
			"to": [4.5, 5.5, 7.5],
			"rotation": {"angle": 0, "axis": "y", "origin": [6.85577, 5.49038, 7.25]},
			"faces": {
				"north": {"uv": [1, 13.5, 1.5, 12.5], "rotation": 180, "texture": "#1"},
				"east": {"uv": [1, 12.5, 1.5, 13.5], "texture": "#1"},
				"south": {"uv": [1, 12.5, 1.5, 13.5], "texture": "#1"},
				"west": {"uv": [1, 12.5, 1.5, 13.5], "texture": "#1"},
				"up": {"uv": [1.5, 12.5, 1, 13], "rotation": 180, "texture": "#1"},
				"down": {"uv": [1, 13, 1.5, 13.5], "texture": "#1"}
			}
		},
		{
			"name": "real_knife_3",
			"from": [4, 2.5, 7],
			"to": [4.5, 4, 7.5],
			"rotation": {"angle": 0, "axis": "y", "origin": [6.85577, 5.49038, 7.25]},
			"faces": {
				"north": {"uv": [1, 15.5, 1.5, 14], "rotation": 180, "texture": "#1"},
				"east": {"uv": [1, 14, 1.5, 15.5], "texture": "#1"},
				"south": {"uv": [1, 14, 1.5, 15.5], "texture": "#1"},
				"west": {"uv": [1, 14, 1.5, 15.5], "texture": "#1"},
				"up": {"uv": [1.5, 14, 1, 14.5], "rotation": 180, "texture": "#1"},
				"down": {"uv": [1, 15, 1.5, 15.5], "texture": "#1"}
			}
		},
		{
			"name": "real_knife_2",
			"from": [3.5, 2, 7],
			"to": [4, 3.5, 7.5],
			"rotation": {"angle": 0, "axis": "y", "origin": [6.85577, 5.49038, 7.25]},
			"faces": {
				"north": {"uv": [0.5, 16, 1, 14.5], "rotation": 180, "texture": "#1"},
				"east": {"uv": [0.5, 14.5, 1, 16], "texture": "#1"},
				"south": {"uv": [0.5, 14.5, 1, 16], "texture": "#1"},
				"west": {"uv": [0.5, 14.5, 1, 16], "texture": "#1"},
				"up": {"uv": [1, 14.5, 0.5, 15], "rotation": 180, "texture": "#1"},
				"down": {"uv": [0.5, 15.5, 1, 16], "texture": "#1"}
			}
		},
		{
			"name": "real_knife_1",
			"from": [3, 2, 7],
			"to": [3.5, 3, 7.5],
			"rotation": {"angle": 0, "axis": "y", "origin": [6.85577, 5.49038, 7.25]},
			"faces": {
				"north": {"uv": [0, 16, 0.5, 15], "rotation": 180, "texture": "#1"},
				"east": {"uv": [0, 15, 0.5, 16], "texture": "#1"},
				"south": {"uv": [0, 15, 0.5, 16], "texture": "#1"},
				"west": {"uv": [0, 15, 0.5, 16], "texture": "#1"},
				"up": {"uv": [0.5, 15, 0, 15.5], "rotation": 180, "texture": "#1"},
				"down": {"uv": [0, 15.5, 0.5, 16], "texture": "#1"}
			}
		}
	],
	"gui_light": "front",
	"display": {
		"thirdperson_righthand": {
			"rotation": [145, -90, -180],
			"translation": [-0.75, 9.25, 2],
			"scale": [1.85, 1.7, 1.7]
		},
		"thirdperson_lefthand": {
			"rotation": [-59, -90, 69],
			"translation": [-1, -12.5, -1.75],
			"scale": [1.7, 1.7, 1.7]
		},
		"firstperson_righthand": {
			"rotation": [-67, -88, -32],
			"translation": [3, 6, -8.5],
			"scale": [2, 2, 2]
		},
		"firstperson_lefthand": {
			"rotation": [-46.81, 72.79, 8.83],
			"translation": [7.5, 7.5, -8.25],
			"scale": [2, 2, 2]
		},
		"ground": {
			"rotation": [-180, -180, 45],
			"translation": [0, -0.75, 0],
			"scale": [1.8, 1.8, 1.8]
		},
		"gui": {
			"translation": [3, 5.25, 0],
			"scale": [2, 2, 2]
		},
		"head": {
			"rotation": [2, -180, -158],
			"translation": [0, 5.75, 0],
			"scale": [1.5, 1.5, 1.5]
		},
		"fixed": {
			"rotation": [133, 32, 18],
			"translation": [-7, 0.5, -1.25],
			"scale": [4, 4, 4]
		}
	},
	"groups": [
		{
			"name": "Golden Knife",
			"origin": [8, 8, 8],
			"color": 0,
			"children": [0, 1, 2, 3, 4, 5, 6, 7, 8, 9, 10, 11, 12, 13, 14]
		}
	]
}