{
  "multipart": [
    {
      "when": {
        "can_summon": "true",
        "shrieking": "false"
      },
      "apply": [
        {
          "model": "minecraft:block/sculk_shrieker_can_summon"
        },
        {
          "model": "minecraft:block/sculk_shrieker_can_summon",
          "y": 90
        }
      ]
    },
    {
      "when": {
        "shrieking": "false",
        "can_summon": "false"
      },
      "apply": [
        {
          "model": "minecraft:block/sculk_shrieker"
        },
        {
          "model": "minecraft:block/sculk_shrieker",
          "y": 90
        }
      ]
    },
    {
      "when": {
        "shrieking": "true",
        "can_summon": "true"
      },
      "apply": [
        {
          "model": "minecraft:block/sculk_shrieker_can_summon_shriek"
        },
        {
          "model": "minecraft:block/sculk_shrieker_can_summon_shriek",
          "y": 90
        }
      ]
    },
    {
      "when": {
        "can_summon": "false",
        "shrieking": "true"
      },
      "apply": [
        {
          "model": "minecraft:block/sculk_shrieker_shriek"
        },
        {
          "model": "minecraft:block/sculk_shrieker_shriek",
          "y": 90
        }
      ]
    },
    {
      "when": {
        "shrieking": "false"
      },
      "apply": [
        {
          "model": "minecraft:block/sculk_shrieker_bones"
        },
        {
          "model": "minecraft:block/sculk_shrieker_bones",
          "y": 90
        }
      ]
    },
    {
      "when": {
        "shrieking": "true"
      },
      "apply": [
        {
          "model": "minecraft:block/sculk_shrieker_bones_shriek"
        },
        {
          "model": "minecraft:block/sculk_shrieker_bones_shriek",
          "y": 90
        }
      ]
    }
  ]
}
