{
  "multipart": [
    {
      "apply": [
		  {"model": "minecraft:block/sculk_vein", "weight":3}
      ],
      "when": {
        "north": "true"
      }
    },
    {
      "apply": [
		  {"model": "minecraft:block/sculk_vein", "weight":3}
      ],
      "when": {
        "down": "false",
        "east": "false",
        "north": "false",
        "south": "false",
        "up": "false",
        "west": "false"
      }
    },
    {
      "apply": [
		  {"model": "minecraft:block/sculk_vein", "uvlock": true, "y": 90, "weight":3}
      ],
      "when": {
        "east": "true"
      }
    },
    {
      "apply": [
		  {"model": "minecraft:block/sculk_vein", "uvlock": true, "y": 90, "weight":3}

      ],
      "when": {
        "down": "false",
        "east": "false",
        "north": "false",
        "south": "false",
        "up": "false",
        "west": "false"
      }
    },
    {
      "apply": [
		  {"model": "minecraft:block/sculk_vein", "uvlock": true, "y": 180, "weight":3}
      ],
      "when": {
        "south": "true"
      }
    },
    {
      "apply": [
		  {"model": "minecraft:block/sculk_vein", "uvlock": true, "y": 180, "weight":3}
      ],
      "when": {
        "down": "false",
        "east": "false",
        "north": "false",
        "south": "false",
        "up": "false",
        "west": "false"
      }
    },
    {
      "apply": [
		  {"model": "minecraft:block/sculk_vein", "uvlock": true, "y": 270, "weight":3}
      ],
      "when": {
        "west": "true"
      }
    },
    {
      "apply": [
		  {"model": "minecraft:block/sculk_vein", "uvlock": true, "y": 270, "weight":3}
      ],
      "when": {
        "down": "false",
        "east": "false",
        "north": "false",
        "south": "false",
        "up": "false",
        "west": "false"
      }
    },
    {
      "apply": [
		  {"model": "minecraft:block/sculk_vein", "uvlock": true, "x": 270, "weight":3}
      ],
      "when": {
        "up": "true"
      }
    },
    {
      "apply": [
		  {"model": "minecraft:block/sculk_vein", "uvlock": true, "x": 270, "weight":3}
      ],
      "when": {
        "down": "false",
        "east": "false",
        "north": "false",
        "south": "false",
        "up": "false",
        "west": "false"
      }
    },
    {
      "apply": [
		  {"model": "minecraft:block/sculk_vein", "uvlock": true, "x": 90, "weight":3}
      ],
      "when": {
        "down": "true"
      }
    },
    {
      "apply": [
		  {"model": "minecraft:block/sculk_vein", "uvlock": true, "x": 90, "weight":3}
      ],
      "when": {
        "down": "false",
        "east": "false",
        "north": "false",
        "south": "false",
        "up": "false",
        "west": "false"
      }
    }
  ]
}